Exon	Patient	Gent	Age	Gender	Skeletal	Ocular	Cardiovascular	Other	FH	Cosegregation	HGVS	Protein
2	D15	y	25	M	1,4,8,15	EL	ARD	St	+	n/a	c.184C>T	R62C
2	D55	n	31	M	-	EL,RD	n	*	-	+	c.184C>T	R62C
2	B46	s	12	M	n/a	n/a	n/a	-	-	n/a	c.184C>T	R62C
3	D10	n	16	F	7,14,15	EL	n	n	-	+	c.344C>G	S115C
14	B3	e	15	F	1,4,6	EL,M	ARD	-	-	+	c.1760G>A	C587Y
14	B1	y	8	M	4,5,7,8,12,14,15	EL,M	ARD,MVP	n	+	+	c.1787G>A	C596Y
15	D26	y	50	F	8	FC	ARD,AR-dis	St	+	+	c.1960G>A	D654N
16	B9	y	12	M	1,4,8,10	EL	ARD	*	+	n/a	c.2055C>G	C685W
16	B19	y	3	M	4,5,6,11,12	EL	ARD	^	^	n/a	c.2055C>G	C685W
16	D59	e	16	F	1,4,6,11,12	EL,M	n/a	^	^	+	c.2042C>A	S681Y
16	D62	n	49	F	4,6,8,10,11	EL,M	MVP	St	^	n/a	c.2047T>C	C683R
16	D31	y	13	M	1,4,6,8,11	EL,M	n/a	St	+	+	c.1982G>A	C661Y
18	D2	y	11	F	1,4,5,13,14	EL,M	ARD	^	+	+	c.2114-2A>G	IVS17-2A4G
18	D40	y	24	F	1,3,4,6,10	EL,M	ARD,MVP	^	+	+	c.2243G>A	C748Y
18	B18	y	8	F	4,8,11,12	EL,M	ARD,MVP	^	^	+	c.2168A>T	D723V
18	B65	y	18	M	1,2,4,5,6,8,11,12,14	EL	ARD	^	^	+	c.2201G>T	C734F
19	B51	y	17	M	1,4,5,7,12,14	EL,M	ARD,MVP	H,*	+	n/a	c.2341T>C	C781R
19	D37	y	19	M	1,4,10,11,15	EL,M	Normalfindings(21y)	H	+	+	c.2326T>G	C776G
21	B60	n	43	M	8,14	^	ARD,AR-dis	n	^	n/a	c.2581C>T	R861X
22	D7	y	43	M	4	EL	n/a	^	+	n/a	c.2722T>C	C908R
23	B62	y	28	M	1,4,6,10,11	EL	ARD,MVP	St	^	n/a	c.2761T>G	C921G
43	B43	y	43	M	1,4,5,6,8,10,11,12	EL,M	ARD,replacement	^	^	n/a	c.5417G>C	C1806S
43	D5	y	29	M	1,4,6,12,14	EL,M	ARD	colob.	+	n/a	c.5369G>C	R1790P
44	D19	y	21	F	1,4,	EL,M	ARD	^	+	+	c.5422+1G>A	IVS43-1G4T
47	B52	y	19	F	4,6,11,12,13,14	M	MVP,MR2*	^	+	+	c.5792_5794del	del(V)1931
48	D16	y	3	F	1,4,8,10,11,12,14,15	EL,M	ARD	^	+	n/a	c.5993G>A	C1998Y
50	B79	e	13	M	2,5	^	n/a	^	^	n/a	Ivc.6313+A>G	S50+3A4G
50	D30	y	32	M	1,2,4,8,11	EL,M	n	H,St	+	+	c.6231dup	Frameshift
54	B37	s	42	F	n/a	n/a	ARD,AR-dis	^	^	n/a	c.6661T>G	C2221G
54	D67	y	24	F	1,4,6,10,11,12	EL,M	MVP	^	^	n/a	c.6661T>G	C2221G
55	B45	y	9	F	1,4	^	ARD	H	+	n/a	c.6806T>C	I2269T
57	D63	e	16	F	1,4,6,8,11	EL,M	n	St	^	n/a	c.7016G>A	C2339Y
57	D21	n	49	M	1,4	EL,FC	n	H	+	+	c.7003C>T	R2335W
