individual_id,1,2,3,4,5,6,7,8,9,10,11,12,13,14,15,16,17,18
Test,Targeted variant,Exome trio,Genome trio,Exome trio,Exome ,Exome,Exome,Exome trio,Exome trio,Exome ,Exome trio,Exome trio,Exome trio,Exome trio,Exome trio,Exome trio,Exome duo,Exome duo
Coding,c.176A>T,c.176A>T,c. 190delT,c.1178G>A,c.1178G>A,c.1442G>A,c.1442G>A,c.1488G>T,c.2583_2586del,c.3649delC,c.3721G>A,c.3850C>T,c.3988_3990delGAG,c.3988_3990delGAG,c.4685G>T,c.4685G>T,c.4891G>A,c.4913C>T
Protein,p.(Asp59Val),p.(Asp59Val),p.(Cys64Alafs*42),p.(Arg393His),p.(Arg393His),p.(Arg481Lys),p.(Arg481Lys),p.(Met496Ile),p.(Asp862*),p.(Gln1217Argfs*10),p.(Val1241Ile),p.(Gln1284*),p.(Glu1330del),p.(Glu1330del),p.(Cys1562Phe),p.(Cys1562Phe),p.(Val1631Met),p.(Pro1638Leu)
Inheritance,paternal,paternal,de novo,maternal,n/a,maternal,n/a,de novo,paternal,paternal,de novo,maternal,de novo,de novo,de novo,de novo,not maternal,not maternal
ACMG classification,VUS,VUS,Likely path,VUS,VUS,VUS,VUS,likely path,VUS,VUS,Likely path,VUS,likely path,likely path,likely path,likely path,VUS,VUS
ACMG criteria,"PM2, PP3","PM2, PP3","PM2,  PS2",BP4,BP4,"PM2, PP3","PM2, PP3","PM2, PP3, PS2",PM2,"PM2, PP5","PM2, PS2",PM2,"PS2, PM2, PM4","PS2, PM2, PM4","PS2, PM2, PP3","PS2, PM2, PP3",BP4,"PM2, PP3"
gnomAD allele count (homozygotes),0,0,0,4/280042 (0),4/280042 (0),0,0,0,0,0,0,0,0,0,0,0,10/280944 (0),0
Macrocephaly,n/a,n/a,no,no,n/a,no,no,no,no,no,no,no,unk,no,no,no,no,n/a
Microcephaly,n/a,n/a,yes,no,n/a,no,no,yes (presumed),no,no,no,yes,unk,no,yes,yes,no,n/a
Craniosynostosis,metopic,metopic,no,no,no,no,no,no,no,no,no,no,no,Metopic,no,no,no,no
Ptosis,no,no,no,no,yes,no,no,no,no,yes,no,yes,yes,no,no,no,no,yes
Hypertelorism,no,no,no,no,no,yes,yes,yes,yes,yes,mild,no,no,yes,yes,yes,n/a,n/a
Cleft lip,yes,yes,no,no,no,no,no,no,no,no,no,no,no,no,no,no,no,no
Cleft palate,yes,yes,no,no,no,yes,yes,no,no,yes,no,no,no,no,no,no,no (high palate),no
Micrognathia,no,no,no,no,no,yes,yes,yes,no,yes,no,no,no,yes,no,no,yes,yes
Ears-low set,no,no,no,yes,no,yes,yes,yes,no,no,no,no,yes,yes,no,no,n/a,no
Microtia (unilateral or bilateral),no,no,no,no,no,no,no,yes,small ears,no,no,U/L,no,no,no,no,unilateral,no
Facial Asymmetry,no,no,no,no,no,yes,no,no,no,no,no,yes,no,no,no,no,yes,no
Hypodontia,n/a,n/a,n/a,n/a,n/a,yes,no,n/a,no,yes,no,no,no,n/a,unk,unk,n/a,n/a
Other craniofacial,no,no,Congenital hearing loss,B/L vocal cord paralysis. Tall and wide palpebral fissures. Short nose with upturned tip. ,U/L vocal cord paralysis,bilateral choanal atresia,no,"partial acalvaria, bilateral upper eyelid colobomas","wide forehead, full eyebrows, deep set eyes",strabismus (Duane anomaly),no,L enophthalmia with ptosis. L partial hearing loss,no,"B/l epicanthal folds; broad, flat nasal bridge, mild ala nasi deficiency; short upturned nose; upslanting palpebral fissures",midline pseudocleft of upper lip,no,"airway malacia, hearing loss",s/p Md distraction; laryngomalacia
"Brain imaging (CT, MRI, Ultrasound)",no,no,MRI,no,no,MRI: hydrocephaly with junctional stenosis C0-C1 and syringomyelia,normal,MRI: Punctate restricted diffusion in the right parietal white matter and periatrial white matter representing ischemia or infarctions with minimal petechial hemorrhage,MRI,CT,MRI,no,yes,yes,yes,yes,yes,no
Ventriculomegaly,n/a,n/a,no,n/a,n/a,yes,no,no,mild prominent 4th ventricle and infracerebellar space,no,no,n/a,no,no,no,no,shunted,n/a
Structural Brain anomaly,n/a,n/a,no,n/a,n/a,no,no,no,no,no,no,n/a,no,cavum septum pellucidum,,peritrigonal high signal,aqueductal stenosis,n/a
Hypotonia,no,no,yes,yes,yes,no,no,yes,no,no,yes,no,yes,yes,yes,yes,,yes
Contractures,no,no,no,no,no,no,no,no,no,no,no,no,,no,yes,no,,yes
Infantile spasms,no,no,no,no,no,no,no,no,no,no,no,no,no,no,yes,no,no,no
Epilepsy,no,no,no,no,no,no,no,yes,"yes, epileptic encephalopathy, myoclonia, atonic seizures",no,no,no,yes,yes,yes,yes,yes,no
Developmental delay,no,no,yes,,n/a,no,no,yes,not prior to epilepsy,no,slight motor,no,yes,yes,yes,yes,yes,yes
Regression,no,no,no,,n/a,no,no,no,yes after onset epilepsy,no,no,no,no,no,no,no,no,no
Other neuro,no,no,no,no,n/a,no,no,no,possible ataxia,no,"leg spasticity, spastic dystonia, mild learning difficulties",no,no,no,no,no,no,no
Limb defects,no,no,no,no,no,no,no,yes,no,yes,no,yes,yes,no,yes,no,no,yes
Echocardiogram (Y/N),yes,yes,yes,yes,yes,yes,yes,yes,no,yes,no,yes,no,yes,yes,no,yes,yes
PFO/ASD,no,no,no,no,no,no,no,yes,n/a,no,n/a,no,n/a,no,yes,n/a,PFO,yes
VSD,no,no,no,no,yes,no,no,no,n/a,no,n/a,yes,n/a,no,no,n/a,no,yes
Other structural heart,no,no,Biventricular hypertrophy,anomalous origin of right coronary artery,no,no,no,no,n/a,no,n/a, pulmonary artery stenosis,n/a,no,no,n/a,no,yes (see text)
IUGR,no,no,no,no,n/a,yes,n/a,no,no,no,no,yes,n/a,no,no,no,yes,
Age (at most recent assessment),3 months (deceased),5 years,8 weeks (deceased),11 months,adult,10y 4 months,44 y ,2 y (deceased),4 y,7 y7mo,11 y,51 m,24 y,6 months,6 y,3 y,7 y (last growth parameters 5 y 2 m),11
head circumference (cm),n/a,n/a,34.7cm (-2.9),45.6 cm (-0.38),n/a,55.5 cm (+2.4),57 cm (+2.4),45.5cm (-2.21),48.5 cm (-1.3 SD),53 cm (+1.15),52.5 cm (-0.52),48 cm (-2.5 SD),n/a,42 cm (-1.23),n/a,46.1 cm (-2.32),48 cm (-1.66),n/a
length (cm),n/a,n/a,n/a,67.5 cm (-2.61),147.5 cm (-2.43),134 cm (-0.86),160 cm,82cm (-1.49),"105 cm (+2.5 SD, target height +0.6 SD)",124.5 cm,142 cm,97 cm (-1.8 SD),162.6 cm,60 cm (-2.86),116 cm (+0.13),86.7 cm (-2.14),99.4 cm (-1.81),127 cm (-2.37)
weight (kg),n/a,n/a,3.26kg,7 kg,n/a,31 kg,110 kg,9.6kg,17 kg (0 SD to length),31.3Kg,45 cm,12 kg (-2.8 SD),49 kg,6.679 kg,24.5 kg,n/a,12.42 kg,20.5 kg
Any other features,,,Large scalp congenital naevus. Persistently raised lactates. Muscle and liver biopsies consistent with combined respiratory chain enzyme defect affecting primarily complexes I and IV in muscle and borderline IV in the liver.,"fifth finger clinodactyly, single palmar crease, mild toenail hypoplasia",,no intellectual disability,no,"bilateral cryptorchidism, dysphagia and aspiration requiring GJ dependence, OSA, right hydronephrosis",,recurrent otitis media ,no,L diaphragmatic eventration. L partial hearing loss,,R inguinal hernia; L cryptorchidism; FTT requiring G tube placemenet,,G-tube for feeding. ,"G-tube; Scoliosis; Eye skin growth; clinical Goldenhar dx, hearing loss (b/l)",
Abbreviations: U/L unilateral; B/L bilateral; n/a not available; VUS variant of uncertain significance; BP4 lack of segregation in affected members of a family; PM2 absent from controls; PP3 computational evidence supports deleterious effect; PS2 de novo; PP5 reputable source reports variant as pathogenic; PM4 protein length changes due to in frame deletion in a non-repeat region ,,,,,,,,,,,,,,,,,,
SD calculated using CDC growth charts,,,,,,,,,,,,,,,,,,