N	cDNA alteration	Predicted protein alteration	Inheritance	Postaxial PD	Preaxial PD	Broad thumbs or halluces	Syndactyly	Macrocephaly	Widely spaced eyes	MRI Findings	Developmental delay	Additional findings
G029 	327del	Phe109Leufs*50	F	-	FB	na	+	-	-	-	-	Precocious puberty, scaphocephaly
G070 	427G>T	Glu143*	F	HB	FL	na	-	+	na	na	-	na
G070_Mother	427G>T	Glu143*	F	-	-	na	-	-	-	na	-	na
G118 	444C>A	Tyr148*	F	-	FB	BT	+	+	na	na	-	na
G13684 	444C>A	Tyr148*	F	-	FB	na	+	+	+	na	-	na
G13684_Brother	444C>A	Tyr148*	F	-	FL	na	+	-	+	na	-	na
G13684_Mother	444C>A	Tyr148*	F	-	FB	na	+	+	na	na	-	na
G099 	518dup	Ile174Hisfs*2	F	-	FB	na	+	+	-	na	-	na
G048 	679+1G>T	Splice	De novo 	HB	FB, HB	na	na	na	na	VD	na	Delta phalanx
G15198 	833_843del	Arg278Thrfs*22	F	HB, FB	FB, HB	BT	+	+	+	-	-	na
G079 	868C>T	Arg290*	De novo 	HB	FB	na	+	+	+	na	-	Atrial septal defect
G088 	997_998dup	Tyr334Profs*14	De novo 	-	FB	BT	+	+	+	na	-	Umbilical hernia
G14083 	1063_1067dup	Leu357Serfs*10	De novo 	-	FB, HB	BT	+	-	-	na	na	Bifid distal phalanx, BW= 4150
G033 	1378del	Val461Serfs*41	F	-	FB	BT	+	+	+	na	-	na
G076 	1498C>T	His500Tyr	F	-	FB	na	+	+	-	+	+	Cerebral prematurity sequelae
G076_Mother	1498C>T	His500Tyr	F	-	FB	na	+	-	-	na	-	na
G076_Brother	1498C>T	His500Tyr	F	HB	FB	na	+	-	-	na	-	na
G068 	1543_1544dup	Arg516Alafs*20	F	-	FB	na	+	-	-	na	-	Delta metacarpal, BW=4880
G068_Brother	1543_1544dup	Arg516Alafs*20	F	-	FB	na	+	-	-	na	-	BW=4740
A018 	1733G>C	Cys578Ser	S	HB	FB	BT	+	+	+	CCH, VD	na	Hypoplastic cerebellum, microretrognathism
G094 	1745del	Gly582Valfs*47	F	HB, FB	-	na	na	+	-	na	-	na
G16012 	1767del	Asn589Lysfs*40	F	-	FB	na	+	-	-	na	-	Bilateral keratoconus, umbilical and bilateral inguinal hernia
G16012_Daughter	1767del	Asn589Lysfs*40	F	-	-	BT	+	-	-	na	-	Umbilical hernia
G109 	1786C>T	His596Tyr	F	HB	FB	na	-	-	+	na	na	Macrosomia
G109_Father	1786C>T	His596Tyr	F	-	-	BH	-	-	-	na	-	na
G109_Sister	1786C>T	His596Tyr	F	-	FB	na	+	-	+	na	na	na
G056 	1787A>C	His596Pro	F	-	FB	na	+	+	+	na	+	Neurofibromatosis type 1
G056_Father	1787A>C	His596Pro	F	-	FB	na	+	+	na	na	-	na
G026 	1874G>A	Arg625Gln	S	-	FB, HB	na	+	-	-	na	-	Brachydactyly, delta phalanx
G14331 	1874G>A	Arg625Gln	De novo 	-	FB	BT, BH	+	+	+	na	na	Brachydactyly, speech delay
G111 	2082_2083delinsAGAGAAGCC	Val695Glufs*45	F	HB	FB	na	-	-	-	na	-	na
G063 	3427_3443del	Phe1143Alafs*98	F	-	FB	na	-	-	+	VD	+	Speech delay, exomphalos
G003 	3559C>T	Gln1187*	F	HB	-	na	-	+	+	na	MD	na
G003_Brother	3559C>T	Gln1187*	F	HB, FB	-	BT	-	+	+	na	-	na
G003_Mother	3559C>T	Gln1187*	F	HB	-	na	-	-	na	na	-	na
G051 	3950del	Pro1317Glnfs*102	F	HB	-	na	-	+	-	pCCA	Mild	na
G051_Mother	3950del	Pro1317Glnfs*102	F	HB	FB	na	-	+	-	na	na	na
A019F* 	4099dup	Ala1367Glyfs*45	S	HB, FB	-	na	+	-	+	pCCA	na	na
G004 	4324C>T	Gln1442*	S	HB, FB	-	BT	-	+	+	pCCA	+	Umbilical hernia, anterior anus
G002 	4408C>T	Gln1470*	F	HB, FB	-	na	+	+	+	CCH, VD	-	Laryngomalacia
G006 	4431dup	Glu1478*	F	HB, FB	-	na	-	+	+	CCH	na	BW=4440
A017 	4456C>T	Gln1486*	S	HB, FB	-	na	-	+	-	CCH	-	na
G016 	4463del	Thr1488Lysfs*23	De novo 	-	FB	na	+	+	-	CCA, VD	Fine	na
G043 	4463del	Thr1488Lysfs*23	F	HB, FB	FB	na	+	+	-	na	Mild	Supernumerary nipples
G043_Father	4463del	Thr1488Lysfs*23	F	HB, FB	FB	na	-	+	-	na	na	na
G043_Brother	4463del	Thr1488Lysfs*23	F	HB, FB	FR	na	-	na	na	na	Mild	na
G114 	4615_4624del	Thr1539Glyfs*11	F	HB	-	BH	-	+	-	na	-	na
G114_Sister	4615_4624del	Thr1539Glyfs*11	F	HB	FB	na	+	+	-	na	-	na
G028 	rsa7p14.1(kit P179)x1	S	-	FB	BT	+	+	na	VD	DD	Seizures, strabismus, horseshoe kidney, BW=4280	na
G115 	46,XY.ish del(7)(p14.1)(RP11-816F16-)	F	HB	FB	na	+	+	-	-	-	na	na
G038 	46,XX.ish del(7)(p14.1p14.1)(GLI3-)	S	-	FB	na	+	+	-	VD	MD	na	na
